name,unit
canola oil,tbsp
extra-virgin olive oil,tbsp
toasted sesame oil,tbsp
balsamic vinegar,tbsp
distilled white vinegar,tbsp
red wine vinegar,tbsp
rice vinegar,tbsp
ketchup,tbsp
mayonnaise,tbsp
dijon mustard,tbsp
soy sauce,tbsp
chili paste,tbsp
hot sauce,tbsp
worcestershire,tbsp
kosher salt,tsp
black peppercorns,tsp
bay leaves,tsp
cayenne pepper,tsp
crushed red pepper,tsp
cumin,tsp
ground coriander,tsp
oregano,tsp
paprika,tsp
rosemary,tsp
thyme leaves,tsp
cinnamon,tsp
cloves,tsp
allspice,tsp
ginger,tsp
nutmeg,tsp
curry powder,tsp
italian seasoning,tsp
vanilla extract,tsp
black beans canned,g
cannelloni beans canned,g
chickpeas canned,g
kidney beans canned,g
capers,tsp
olives,g
peanut butter,tbsp
raspberry jam,tbsp
strawberry jam,tbsp
chicken stock,ml
vegetable broth,ml
tomatoes canned,g
tomato paste,g
salsa,tbsp
tuna fish,g
breadcrumbs,tbsp
panko,tbsp
couscous,g
lentils,g
whole wheat spaghetti,g
rice,g
oats,g
barley,g
millet,g
quinoa,g
wheatberries,g
baking powder,tsp
baking soda,tsp
brown sugar,tbsp
cornstarch,tsp
all-purpose flour,g
granulated sugar,tbsp
honey,tbsp
butter,tbsp
sharp cheddar cheese,g
feta,g
parmesan,g
mozzarella,g
large eggs,each
milk,ml
yogurt,ml
tortillas,each
blackberries,g
blueberries,g
peaches,g
strawberries,g
broccoli,g
bell pepper,g
corn,g
edamame,g
peas,g
spinach,g
garlic,g
red onion,g
yellow onion,g
potato,g
raisins,g
dried apples,g
apricots,g
almonds,g
peanuts,g
sunflower,g
